{
    "clickerUser": {
        "availableTaps": 4000,
        "maxTaps": 4000,
        "earnPerTap": 7,
        "tapsRecoverPerSec": 3,

        "totalCoins": 30714124.600999948,
        "balanceCoins": 11088665.600999951,


        "earnPassivePerSec": 41.0969,
        "earnPassivePerHour": 147949,
        "lastPassiveEarn": 6370.019499999999,

        "referralsCount": 0,

        "id": "769049677",
        "level": 7,
        "lastSyncUpdate": 1723475950,
        "exchangeId": "binance",
        "balanceTickets": 0
    }
}